frame_id,ground_truth_code,verified_code,crop_count,status,reviewer,split,source_dir,frame_number,notes,verified_at
live-setup-20260616-201017__frame-1,,,8,not_sticker,,train,live-setup-20260616-201017,1,Dataset combinado; origem swe8-live-20260616-v1.,2026-06-17T00:15:48.057Z
live-setup-20260616-201017__frame-2,,IRQ20,8,confirmed,,train,live-setup-20260616-201017,2,Dataset combinado; origem swe8-live-20260616-v1.,2026-06-17T00:13:58.313Z
live-setup-20260616-201017__frame-3,,NED12,8,confirmed,,train,live-setup-20260616-201017,3,Dataset combinado; origem swe8-live-20260616-v1.,2026-06-17T00:13:58.725Z
live-setup-20260616-201017__frame-4,,SWE8,8,confirmed,,train,live-setup-20260616-201017,4,Dataset combinado; origem swe8-live-20260616-v1.,2026-06-17T00:13:59.811Z
live-setup-20260616-201017__frame-5,,SWE8,8,confirmed,,test,live-setup-20260616-201017,5,Dataset combinado; origem swe8-live-20260616-v1.,2026-06-17T00:14:22.065Z
live-user-20260616-201108__frame-4,,,8,not_sticker,,train,live-user-20260616-201108,4,Dataset combinado; origem swe8-live-20260616-v1.,2026-06-17T00:14:22.663Z
live-user-20260616-201108__frame-5,,,6,not_sticker,,train,live-user-20260616-201108,5,Dataset combinado; origem swe8-live-20260616-v1.,2026-06-17T00:14:23.195Z
live-user-20260616-201108__frame-6,,,8,not_sticker,,train,live-user-20260616-201108,6,Dataset combinado; origem swe8-live-20260616-v1.,2026-06-17T00:14:23.674Z
live-user-20260616-201108__frame-7,,,6,not_sticker,,train,live-user-20260616-201108,7,Dataset combinado; origem swe8-live-20260616-v1.,2026-06-17T00:14:24.109Z
live-user-20260616-201108__frame-8,,,6,not_sticker,,train,live-user-20260616-201108,8,Dataset combinado; origem swe8-live-20260616-v1.,2026-06-17T00:14:24.566Z
live-user-20260616-201108__frame-9,,,6,not_sticker,,train,live-user-20260616-201108,9,Dataset combinado; origem swe8-live-20260616-v1.,2026-06-17T00:14:25.086Z
live-user-20260616-201108__frame-10,,,8,not_sticker,,train,live-user-20260616-201108,10,Dataset combinado; origem swe8-live-20260616-v1.,2026-06-17T00:14:25.589Z
live-user-20260616-201108__frame-11,,,4,not_sticker,,test,live-user-20260616-201108,11,Dataset combinado; origem swe8-live-20260616-v1.,2026-06-17T00:14:26.082Z
live-user-20260616-201108__frame-12,,,8,not_sticker,,train,live-user-20260616-201108,12,Dataset combinado; origem swe8-live-20260616-v1.,2026-06-17T00:14:26.546Z
live-user-20260616-201108__frame-13,,,6,not_sticker,,train,live-user-20260616-201108,13,Dataset combinado; origem swe8-live-20260616-v1.,2026-06-17T00:14:27.821Z
live-user-20260616-201108__frame-14,,,6,not_sticker,,train,live-user-20260616-201108,14,Dataset combinado; origem swe8-live-20260616-v1.,2026-06-17T00:14:28.549Z
live-user-20260616-201108__frame-15,,,4,not_sticker,,train,live-user-20260616-201108,15,Dataset combinado; origem swe8-live-20260616-v1.,2026-06-17T00:14:29.280Z
live-user-20260616-201108__frame-16,,,6,not_sticker,,val,live-user-20260616-201108,16,Dataset combinado; origem swe8-live-20260616-v1.,2026-06-17T00:14:29.878Z
live-user-20260616-201108__frame-17,,,6,not_sticker,,train,live-user-20260616-201108,17,Dataset combinado; origem swe8-live-20260616-v1.,2026-06-17T00:14:30.469Z
live-user-20260616-201108__frame-18,,,6,not_sticker,,train,live-user-20260616-201108,18,Dataset combinado; origem swe8-live-20260616-v1.,2026-06-17T00:14:30.996Z
live-user-20260616-201108__frame-19,,,6,not_sticker,,train,live-user-20260616-201108,19,Dataset combinado; origem swe8-live-20260616-v1.,2026-06-17T00:14:31.520Z
live-user-20260616-201108__frame-20,,,6,not_sticker,,train,live-user-20260616-201108,20,Dataset combinado; origem swe8-live-20260616-v1.,2026-06-17T00:14:32.006Z
live-user-20260616-201108__frame-21,,,6,not_sticker,,train,live-user-20260616-201108,21,Dataset combinado; origem swe8-live-20260616-v1.,2026-06-17T00:14:32.495Z
live-user-20260616-201108__frame-22,,,4,not_sticker,,train,live-user-20260616-201108,22,Dataset combinado; origem swe8-live-20260616-v1.,2026-06-17T00:14:32.971Z
live-user-20260616-201108__frame-23,,,6,not_sticker,,train,live-user-20260616-201108,23,Dataset combinado; origem swe8-live-20260616-v1.,2026-06-17T00:14:33.451Z
live-user-20260616-201108__frame-24,,,6,not_sticker,,test,live-user-20260616-201108,24,Dataset combinado; origem swe8-live-20260616-v1.,2026-06-17T00:14:33.902Z
live-user-20260616-201108__frame-25,,,6,not_sticker,,train,live-user-20260616-201108,25,Dataset combinado; origem swe8-live-20260616-v1.,2026-06-17T00:14:34.470Z
live-user-20260616-201108__frame-26,,,6,not_sticker,,train,live-user-20260616-201108,26,Dataset combinado; origem swe8-live-20260616-v1.,2026-06-17T00:14:34.986Z
live-user-20260616-201108__frame-27,,,6,not_sticker,,train,live-user-20260616-201108,27,Dataset combinado; origem swe8-live-20260616-v1.,2026-06-17T00:14:35.468Z
live-user-20260616-201108__frame-28,,,6,not_sticker,,test,live-user-20260616-201108,28,Dataset combinado; origem swe8-live-20260616-v1.,2026-06-17T00:14:36.174Z
live-user-20260616-201108__frame-29,,,6,not_sticker,,val,live-user-20260616-201108,29,Dataset combinado; origem swe8-live-20260616-v1.,2026-06-17T00:14:36.828Z
live-user-20260616-201108__frame-30,,,6,not_sticker,,train,live-user-20260616-201108,30,Dataset combinado; origem swe8-live-20260616-v1.,2026-06-17T00:14:37.192Z
live-user-20260616-201108__frame-31,,,2,not_sticker,,train,live-user-20260616-201108,31,Dataset combinado; origem swe8-live-20260616-v1.,2026-06-17T00:14:37.690Z
live-user-20260616-201108__frame-32,,,6,not_sticker,,val,live-user-20260616-201108,32,Dataset combinado; origem swe8-live-20260616-v1.,2026-06-17T00:14:38.180Z
live-user-20260616-201108__frame-33,,,6,not_sticker,,train,live-user-20260616-201108,33,Dataset combinado; origem swe8-live-20260616-v1.,2026-06-17T00:14:38.625Z
live-user-20260616-201108__frame-34,,,8,not_sticker,,train,live-user-20260616-201108,34,Dataset combinado; origem swe8-live-20260616-v1.,2026-06-17T00:14:39.102Z
live-user-20260616-201108__frame-35,,,6,not_sticker,,train,live-user-20260616-201108,35,Dataset combinado; origem swe8-live-20260616-v1.,2026-06-17T00:14:39.564Z
live-user-20260616-201108__frame-36,,,6,not_sticker,,train,live-user-20260616-201108,36,Dataset combinado; origem swe8-live-20260616-v1.,2026-06-17T00:14:40.042Z
live-user-20260616-201108__frame-37,,,6,not_sticker,,train,live-user-20260616-201108,37,Dataset combinado; origem swe8-live-20260616-v1.,2026-06-17T00:14:40.505Z
live-user-20260616-201108__frame-38,,,4,not_sticker,,test,live-user-20260616-201108,38,Dataset combinado; origem swe8-live-20260616-v1.,2026-06-17T00:14:40.974Z
live-user-20260616-201108__frame-39,,,6,not_sticker,,train,live-user-20260616-201108,39,Dataset combinado; origem swe8-live-20260616-v1.,2026-06-17T00:14:41.418Z
live-user-20260616-201108__frame-40,,,4,not_sticker,,train,live-user-20260616-201108,40,Dataset combinado; origem swe8-live-20260616-v1.,2026-06-17T00:14:41.918Z
live-user-20260616-201108__frame-41,,,6,not_sticker,,train,live-user-20260616-201108,41,Dataset combinado; origem swe8-live-20260616-v1.,2026-06-17T00:14:42.380Z
live-user-20260616-201108__frame-42,,,6,not_sticker,,train,live-user-20260616-201108,42,Dataset combinado; origem swe8-live-20260616-v1.,2026-06-17T00:14:42.819Z
live-user-20260616-201108__frame-43,,,4,not_sticker,,train,live-user-20260616-201108,43,Dataset combinado; origem swe8-live-20260616-v1.,2026-06-17T00:14:43.346Z
live-user-20260616-201108__frame-44,,,6,not_sticker,,val,live-user-20260616-201108,44,Dataset combinado; origem swe8-live-20260616-v1.,2026-06-17T00:14:43.863Z
live-user-20260616-201108__frame-45,,,6,not_sticker,,train,live-user-20260616-201108,45,Dataset combinado; origem swe8-live-20260616-v1.,2026-06-17T00:14:44.306Z
live-user-20260616-201108__frame-46,,SWE8,4,confirmed,,train,live-user-20260616-201108,46,Dataset combinado; origem swe8-live-20260616-v1.,2026-06-17T00:14:48.120Z
live-user-20260616-201108__frame-47,,SWE8,6,confirmed,,train,live-user-20260616-201108,47,Dataset combinado; origem swe8-live-20260616-v1.,2026-06-17T00:14:49.751Z
live-user-20260616-201108__frame-48,,SWE8,4,confirmed,,train,live-user-20260616-201108,48,Dataset combinado; origem swe8-live-20260616-v1.,2026-06-17T00:14:51.021Z
live-user-20260616-201108__frame-49,,SWE8,4,confirmed,,train,live-user-20260616-201108,49,Dataset combinado; origem swe8-live-20260616-v1.,2026-06-17T00:14:52.629Z
live-user-20260616-201108__frame-50,,SWE8,6,confirmed,,val,live-user-20260616-201108,50,Dataset combinado; origem swe8-live-20260616-v1.,2026-06-17T00:14:53.802Z
live-user-20260616-201108__frame-51,,SWE8,4,confirmed,,train,live-user-20260616-201108,51,Dataset combinado; origem swe8-live-20260616-v1.,2026-06-17T00:14:54.909Z
live-user-20260616-201108__frame-52,,,6,not_sticker,,train,live-user-20260616-201108,52,Dataset combinado; origem swe8-live-20260616-v1.,2026-06-17T00:14:56.344Z
live-user-20260616-201108__frame-53,,,6,not_sticker,,train,live-user-20260616-201108,53,Dataset combinado; origem swe8-live-20260616-v1.,2026-06-17T00:14:56.895Z
live-user-20260616-201108__frame-54,,,6,not_sticker,,train,live-user-20260616-201108,54,Dataset combinado; origem swe8-live-20260616-v1.,2026-06-17T00:14:57.444Z
live-user-full-20260616-201728__frame-345,,,0,missing_frame,,train,live-user-full-20260616-201728,345,Diretorio sem frame.pgm.gz; excluido das metricas ate haver imagem verificavel Dataset combinado; origem swe8-live-20260616-v1.,2026-06-17T00:15:03.318Z
live-user-full-20260616-201728__frame-346,,,4,not_sticker,,train,live-user-full-20260616-201728,346,Dataset combinado; origem swe8-live-20260616-v1.,2026-06-17T00:15:04.458Z
live-user-full-20260616-201728__frame-347,,,6,not_sticker,,val,live-user-full-20260616-201728,347,Dataset combinado; origem swe8-live-20260616-v1.,2026-06-17T00:15:05.046Z
live-user-full-20260616-201728__frame-350,,,4,not_sticker,,test,live-user-full-20260616-201728,350,Dataset combinado; origem swe8-live-20260616-v1.,2026-06-17T00:15:05.614Z
live-user-full-20260616-201728__frame-353,,,2,not_sticker,,train,live-user-full-20260616-201728,353,Dataset combinado; origem swe8-live-20260616-v1.,2026-06-17T00:15:06.340Z
live-user-full-20260616-201728__frame-354,,,6,not_sticker,,test,live-user-full-20260616-201728,354,Dataset combinado; origem swe8-live-20260616-v1.,2026-06-17T00:15:06.797Z
live-user-full-20260616-201728__frame-355,,,4,not_sticker,,train,live-user-full-20260616-201728,355,Dataset combinado; origem swe8-live-20260616-v1.,2026-06-17T00:15:07.258Z
live-user-full-20260616-201728__frame-357,,,6,not_sticker,,test,live-user-full-20260616-201728,357,Dataset combinado; origem swe8-live-20260616-v1.,2026-06-17T00:15:07.730Z
live-user-full-20260616-201728__frame-359,,,4,not_sticker,,train,live-user-full-20260616-201728,359,Dataset combinado; origem swe8-live-20260616-v1.,2026-06-17T00:15:08.136Z
live-user-full-20260616-201728__frame-362,,,4,not_sticker,,test,live-user-full-20260616-201728,362,Dataset combinado; origem swe8-live-20260616-v1.,2026-06-17T00:15:08.528Z
live-user-full-20260616-201728__frame-370,,,4,not_sticker,,train,live-user-full-20260616-201728,370,Dataset combinado; origem swe8-live-20260616-v1.,2026-06-17T00:15:08.905Z
live-user-full-20260616-201728__frame-372,,,4,not_sticker,,train,live-user-full-20260616-201728,372,Dataset combinado; origem swe8-live-20260616-v1.,2026-06-17T00:15:09.292Z
live-user-full-20260616-201728__frame-373,,,8,not_sticker,,train,live-user-full-20260616-201728,373,Dataset combinado; origem swe8-live-20260616-v1.,2026-06-17T00:15:09.673Z
live-user-full-20260616-201728__frame-375,,,4,not_sticker,,val,live-user-full-20260616-201728,375,Dataset combinado; origem swe8-live-20260616-v1.,2026-06-17T00:15:10.075Z
live-user-full-20260616-201728__frame-378,,,6,not_sticker,,test,live-user-full-20260616-201728,378,Dataset combinado; origem swe8-live-20260616-v1.,2026-06-17T00:15:10.476Z
live-user-full-20260616-201728__frame-381,,,2,not_sticker,,train,live-user-full-20260616-201728,381,Dataset combinado; origem swe8-live-20260616-v1.,2026-06-17T00:15:10.872Z
live-user-full-20260616-201728__frame-385,,,4,not_sticker,,test,live-user-full-20260616-201728,385,Dataset combinado; origem swe8-live-20260616-v1.,2026-06-17T00:15:11.254Z
live-user-full-20260616-201728__frame-386,,,4,not_sticker,,train,live-user-full-20260616-201728,386,Dataset combinado; origem swe8-live-20260616-v1.,2026-06-17T00:15:11.686Z
live-user-full-20260616-201728__frame-387,,,4,not_sticker,,train,live-user-full-20260616-201728,387,Dataset combinado; origem swe8-live-20260616-v1.,2026-06-17T00:15:12.241Z
live-user-full-20260616-201728__frame-388,,,2,not_sticker,,train,live-user-full-20260616-201728,388,Dataset combinado; origem swe8-live-20260616-v1.,2026-06-17T00:15:12.672Z
live-user-full-20260616-201728__frame-396,,,6,not_sticker,,train,live-user-full-20260616-201728,396,Dataset combinado; origem swe8-live-20260616-v1.,2026-06-17T00:15:13.170Z
live-user-full-20260616-201728__frame-397,,,8,not_sticker,,test,live-user-full-20260616-201728,397,Dataset combinado; origem swe8-live-20260616-v1.,2026-06-17T00:15:13.602Z
live-user-full-20260616-201728__frame-399,,,2,not_sticker,,test,live-user-full-20260616-201728,399,Dataset combinado; origem swe8-live-20260616-v1.,2026-06-17T00:15:14.022Z
live-user-full-20260616-201728__frame-401,,,4,not_sticker,,train,live-user-full-20260616-201728,401,Dataset combinado; origem swe8-live-20260616-v1.,2026-06-17T00:15:14.445Z
live-user-full-20260616-201728__frame-403,,,4,not_sticker,,train,live-user-full-20260616-201728,403,Dataset combinado; origem swe8-live-20260616-v1.,2026-06-17T00:15:14.885Z
live-user-full-20260616-201728__frame-404,,,4,not_sticker,,train,live-user-full-20260616-201728,404,Dataset combinado; origem swe8-live-20260616-v1.,2026-06-17T00:15:15.331Z
live-user-full-20260616-201728__frame-407,,,6,not_sticker,,train,live-user-full-20260616-201728,407,Dataset combinado; origem swe8-live-20260616-v1.,2026-06-17T00:15:15.766Z
live-user-full-20260616-201728__frame-410,,,4,not_sticker,,train,live-user-full-20260616-201728,410,Dataset combinado; origem swe8-live-20260616-v1.,2026-06-17T00:15:16.169Z
live-user-full-20260616-201728__frame-411,,,4,not_sticker,,train,live-user-full-20260616-201728,411,Dataset combinado; origem swe8-live-20260616-v1.,2026-06-17T00:15:16.626Z
live-user-full-20260616-201728__frame-412,,,4,not_sticker,,train,live-user-full-20260616-201728,412,Dataset combinado; origem swe8-live-20260616-v1.,2026-06-17T00:15:17.048Z
live-user-full-20260616-201728__frame-417,,,4,not_sticker,,test,live-user-full-20260616-201728,417,Dataset combinado; origem swe8-live-20260616-v1.,2026-06-17T00:15:17.450Z
live-user-full-20260616-201728__frame-418,,,6,not_sticker,,train,live-user-full-20260616-201728,418,Dataset combinado; origem swe8-live-20260616-v1.,2026-06-17T00:15:17.863Z
live-user-full-20260616-201728__frame-419,,,4,not_sticker,,train,live-user-full-20260616-201728,419,Dataset combinado; origem swe8-live-20260616-v1.,2026-06-17T00:15:18.250Z
live-user-full-20260616-201728__frame-420,,,6,not_sticker,,train,live-user-full-20260616-201728,420,Dataset combinado; origem swe8-live-20260616-v1.,2026-06-17T00:15:18.632Z
live-user-full-20260616-201728__frame-427,,,4,not_sticker,,train,live-user-full-20260616-201728,427,Dataset combinado; origem swe8-live-20260616-v1.,2026-06-17T00:15:19.008Z
live-user-full-20260616-201728__frame-430,,,6,not_sticker,,train,live-user-full-20260616-201728,430,Dataset combinado; origem swe8-live-20260616-v1.,2026-06-17T00:15:19.390Z
live-user-full-20260616-201728__frame-432,,,6,not_sticker,,train,live-user-full-20260616-201728,432,Dataset combinado; origem swe8-live-20260616-v1.,2026-06-17T00:15:19.792Z
live-user-full-20260616-201728__frame-434,,,4,not_sticker,,train,live-user-full-20260616-201728,434,Dataset combinado; origem swe8-live-20260616-v1.,2026-06-17T00:15:20.180Z
live-user-full-20260616-201728__frame-435,,,6,not_sticker,,train,live-user-full-20260616-201728,435,Dataset combinado; origem swe8-live-20260616-v1.,2026-06-17T00:15:20.562Z
live-user-full-20260616-201728__frame-436,,,6,not_sticker,,val,live-user-full-20260616-201728,436,Dataset combinado; origem swe8-live-20260616-v1.,2026-06-17T00:15:20.946Z
live-user-full-20260616-201728__frame-440,,,4,not_sticker,,train,live-user-full-20260616-201728,440,Dataset combinado; origem swe8-live-20260616-v1.,2026-06-17T00:15:21.306Z
live-user-full-20260616-201728__frame-443,,,6,not_sticker,,test,live-user-full-20260616-201728,443,Dataset combinado; origem swe8-live-20260616-v1.,2026-06-17T00:15:21.720Z
live-user-full-20260616-201728__frame-444,,,6,not_sticker,,train,live-user-full-20260616-201728,444,Dataset combinado; origem swe8-live-20260616-v1.,2026-06-17T00:15:22.076Z
live-user-full-20260616-201728__frame-448,,,6,not_sticker,,train,live-user-full-20260616-201728,448,Dataset combinado; origem swe8-live-20260616-v1.,2026-06-17T00:15:22.463Z
live-user-full-20260616-201728__frame-449,,,6,not_sticker,,train,live-user-full-20260616-201728,449,Dataset combinado; origem swe8-live-20260616-v1.,2026-06-17T00:15:22.852Z
live-user-full-20260616-201728__frame-455,,,6,not_sticker,,train,live-user-full-20260616-201728,455,Dataset combinado; origem swe8-live-20260616-v1.,2026-06-17T00:15:23.226Z
live-user-full-20260616-201728__frame-456,,,6,not_sticker,,train,live-user-full-20260616-201728,456,Dataset combinado; origem swe8-live-20260616-v1.,2026-06-17T00:15:23.620Z
live-user-full-20260616-201728__frame-458,,,8,not_sticker,,test,live-user-full-20260616-201728,458,Dataset combinado; origem swe8-live-20260616-v1.,2026-06-17T00:15:23.990Z
live-user-full-20260616-201728__frame-459,,,6,not_sticker,,train,live-user-full-20260616-201728,459,Dataset combinado; origem swe8-live-20260616-v1.,2026-06-17T00:15:24.348Z
live-user-full-20260616-201728__frame-461,,,4,not_sticker,,test,live-user-full-20260616-201728,461,Dataset combinado; origem swe8-live-20260616-v1.,2026-06-17T00:15:24.730Z
live-user-full-20260616-201728__frame-464,,,6,not_sticker,,train,live-user-full-20260616-201728,464,Dataset combinado; origem swe8-live-20260616-v1.,2026-06-17T00:15:25.068Z
live-user-full-20260616-201728__frame-466,,,6,not_sticker,,train,live-user-full-20260616-201728,466,Dataset combinado; origem swe8-live-20260616-v1.,2026-06-17T00:15:25.455Z
live-user-full-20260616-201728__frame-467,,,8,not_sticker,,train,live-user-full-20260616-201728,467,Dataset combinado; origem swe8-live-20260616-v1.,2026-06-17T00:15:25.832Z
live-user-full-20260616-201728__frame-469,,,4,not_sticker,,train,live-user-full-20260616-201728,469,Dataset combinado; origem swe8-live-20260616-v1.,2026-06-17T00:15:26.170Z
live-user-full-20260616-201728__frame-471,,,8,not_sticker,,test,live-user-full-20260616-201728,471,Dataset combinado; origem swe8-live-20260616-v1.,2026-06-17T00:15:26.562Z
live-user-full-20260616-201728__frame-474,,,4,not_sticker,,train,live-user-full-20260616-201728,474,Dataset combinado; origem swe8-live-20260616-v1.,2026-06-17T00:15:26.926Z
live-user-full-20260616-201728__frame-475,,,6,not_sticker,,train,live-user-full-20260616-201728,475,Dataset combinado; origem swe8-live-20260616-v1.,2026-06-17T00:15:27.266Z
live-user-full-20260616-201728__frame-477,,,4,not_sticker,,train,live-user-full-20260616-201728,477,Dataset combinado; origem swe8-live-20260616-v1.,2026-06-17T00:15:27.623Z
live-user-full-20260616-201728__frame-478,,,4,not_sticker,,test,live-user-full-20260616-201728,478,Dataset combinado; origem swe8-live-20260616-v1.,2026-06-17T00:15:27.978Z
live-user-full-20260616-201728__frame-480,,,6,not_sticker,,train,live-user-full-20260616-201728,480,Dataset combinado; origem swe8-live-20260616-v1.,2026-06-17T00:15:28.318Z
live-user-full-20260616-201728__frame-481,,,4,not_sticker,,train,live-user-full-20260616-201728,481,Dataset combinado; origem swe8-live-20260616-v1.,2026-06-17T00:15:28.664Z
live-user-full-20260616-201728__frame-483,,,2,not_sticker,,train,live-user-full-20260616-201728,483,Dataset combinado; origem swe8-live-20260616-v1.,2026-06-17T00:15:29.034Z
live-user-full-20260616-201728__frame-484,,,4,not_sticker,,train,live-user-full-20260616-201728,484,Dataset combinado; origem swe8-live-20260616-v1.,2026-06-17T00:15:29.380Z
live-user-full-20260616-201728__frame-486,,,4,not_sticker,,train,live-user-full-20260616-201728,486,Dataset combinado; origem swe8-live-20260616-v1.,2026-06-17T00:15:29.726Z
live-user-full-20260616-201728__frame-487,,,4,not_sticker,,train,live-user-full-20260616-201728,487,Dataset combinado; origem swe8-live-20260616-v1.,2026-06-17T00:15:30.066Z
live-user-full-20260616-201728__frame-489,,,4,not_sticker,,val,live-user-full-20260616-201728,489,Dataset combinado; origem swe8-live-20260616-v1.,2026-06-17T00:15:30.422Z
live-user-full-20260616-201728__frame-490,,,4,not_sticker,,test,live-user-full-20260616-201728,490,Dataset combinado; origem swe8-live-20260616-v1.,2026-06-17T00:15:30.778Z
live-user-full-20260616-201728__frame-491,,,4,not_sticker,,train,live-user-full-20260616-201728,491,Dataset combinado; origem swe8-live-20260616-v1.,2026-06-17T00:15:31.132Z
live-user-full-20260616-201728__frame-492,,,2,not_sticker,,train,live-user-full-20260616-201728,492,Dataset combinado; origem swe8-live-20260616-v1.,2026-06-17T00:15:31.470Z
live-user-full-20260616-201728__frame-494,,,4,not_sticker,,train,live-user-full-20260616-201728,494,Dataset combinado; origem swe8-live-20260616-v1.,2026-06-17T00:15:31.792Z
live-user-full-20260616-201728__frame-496,,,4,not_sticker,,train,live-user-full-20260616-201728,496,Dataset combinado; origem swe8-live-20260616-v1.,2026-06-17T00:15:32.109Z
live-user-full-20260616-201728__frame-497,,,4,not_sticker,,test,live-user-full-20260616-201728,497,Dataset combinado; origem swe8-live-20260616-v1.,2026-06-17T00:15:32.413Z
live-user-full-20260616-201728__frame-498,,,4,not_sticker,,train,live-user-full-20260616-201728,498,Dataset combinado; origem swe8-live-20260616-v1.,2026-06-17T00:15:32.716Z
live-user-full-20260616-201728__frame-499,,,4,not_sticker,,train,live-user-full-20260616-201728,499,Dataset combinado; origem swe8-live-20260616-v1.,2026-06-17T00:15:32.986Z
live-user-full-20260616-201728__frame-500,,,4,not_sticker,,train,live-user-full-20260616-201728,500,Dataset combinado; origem swe8-live-20260616-v1.,2026-06-17T00:15:33.260Z
live-user-full-20260616-201728__frame-501,,,6,not_sticker,,train,live-user-full-20260616-201728,501,Dataset combinado; origem swe8-live-20260616-v1.,2026-06-17T00:15:33.522Z
live-user-full-20260616-201728__frame-502,,,6,not_sticker,,val,live-user-full-20260616-201728,502,Dataset combinado; origem swe8-live-20260616-v1.,2026-06-17T00:15:33.768Z
live-user-full-20260616-201728__frame-503,,,2,not_sticker,,train,live-user-full-20260616-201728,503,Dataset combinado; origem swe8-live-20260616-v1.,2026-06-17T00:15:34.008Z
live-user-full-20260616-201728__frame-505,,,2,not_sticker,,train,live-user-full-20260616-201728,505,Dataset combinado; origem swe8-live-20260616-v1.,2026-06-17T00:15:34.265Z
live-user-full-20260616-201728__frame-507,,,4,not_sticker,,train,live-user-full-20260616-201728,507,Dataset combinado; origem swe8-live-20260616-v1.,2026-06-17T00:15:34.702Z
live-user-full-20260616-201728__frame-509,,,2,not_sticker,,train,live-user-full-20260616-201728,509,Dataset combinado; origem swe8-live-20260616-v1.,2026-06-17T00:15:34.975Z
live-user-full-20260616-201728__frame-510,,,4,not_sticker,,train,live-user-full-20260616-201728,510,Dataset combinado; origem swe8-live-20260616-v1.,2026-06-17T00:15:35.294Z
live-user-full-20260616-201728__frame-511,,,6,not_sticker,,test,live-user-full-20260616-201728,511,Dataset combinado; origem swe8-live-20260616-v1.,2026-06-17T00:15:35.564Z
live-user-full-20260616-201728__frame-513,,,6,not_sticker,,train,live-user-full-20260616-201728,513,Dataset combinado; origem swe8-live-20260616-v1.,2026-06-17T00:15:35.806Z
live-user-full-20260616-201728__frame-514,,,4,not_sticker,,test,live-user-full-20260616-201728,514,Dataset combinado; origem swe8-live-20260616-v1.,2026-06-17T00:15:36.056Z
live-user-full-20260616-201728__frame-516,,,6,not_sticker,,test,live-user-full-20260616-201728,516,Dataset combinado; origem swe8-live-20260616-v1.,2026-06-17T00:15:36.314Z
live-user-full-20260616-201728__frame-517,,,4,not_sticker,,train,live-user-full-20260616-201728,517,Dataset combinado; origem swe8-live-20260616-v1.,2026-06-17T00:15:36.572Z
live-user-full-20260616-201728__frame-518,,,4,not_sticker,,train,live-user-full-20260616-201728,518,Dataset combinado; origem swe8-live-20260616-v1.,2026-06-17T00:15:36.830Z
live-user-full-20260616-201728__frame-521,,,4,not_sticker,,train,live-user-full-20260616-201728,521,Dataset combinado; origem swe8-live-20260616-v1.,2026-06-17T00:15:37.093Z
live-user-full-20260616-201728__frame-522,,,6,not_sticker,,train,live-user-full-20260616-201728,522,Dataset combinado; origem swe8-live-20260616-v1.,2026-06-17T00:15:37.366Z
live-user-full-20260616-201728__frame-525,,,6,not_sticker,,train,live-user-full-20260616-201728,525,Dataset combinado; origem swe8-live-20260616-v1.,2026-06-17T00:15:37.598Z
live-user-full-20260616-201728__frame-527,,,4,not_sticker,,train,live-user-full-20260616-201728,527,Dataset combinado; origem swe8-live-20260616-v1.,2026-06-17T00:15:37.860Z
live-user-full-20260616-201728__frame-528,,,8,not_sticker,,train,live-user-full-20260616-201728,528,Dataset combinado; origem swe8-live-20260616-v1.,2026-06-17T00:15:38.138Z
live-user-full-20260616-201728__frame-529,,,2,not_sticker,,train,live-user-full-20260616-201728,529,Dataset combinado; origem swe8-live-20260616-v1.,2026-06-17T00:15:38.412Z
live-user-full-20260616-201728__frame-530,,,2,not_sticker,,train,live-user-full-20260616-201728,530,Dataset combinado; origem swe8-live-20260616-v1.,2026-06-17T00:15:38.706Z
live-user-full-20260616-201728__frame-531,,,4,not_sticker,,train,live-user-full-20260616-201728,531,Dataset combinado; origem swe8-live-20260616-v1.,2026-06-17T00:15:39.008Z
live-user-full-20260616-201728__frame-532,,,4,not_sticker,,train,live-user-full-20260616-201728,532,Dataset combinado; origem swe8-live-20260616-v1.,2026-06-17T00:15:39.316Z
live-user-full-20260616-201728__frame-534,,,2,not_sticker,,train,live-user-full-20260616-201728,534,Dataset combinado; origem swe8-live-20260616-v1.,2026-06-17T00:15:39.664Z
live-user-full-20260616-201728__frame-536,,,8,not_sticker,,train,live-user-full-20260616-201728,536,Dataset combinado; origem swe8-live-20260616-v1.,2026-06-17T00:15:40.034Z
live-user-full-20260616-201728__frame-538,,,6,not_sticker,,train,live-user-full-20260616-201728,538,Dataset combinado; origem swe8-live-20260616-v1.,2026-06-17T00:15:40.436Z
live-user-20260617-011113__frame-1,,,4,not_sticker,,train,live-user-20260617-011113,1,Dataset combinado; origem swe8-live-20260616-v1.,2026-06-17T04:17:45.894Z
live-user-20260617-011113__frame-2,,,4,not_sticker,,train,live-user-20260617-011113,2,Dataset combinado; origem swe8-live-20260616-v1.,2026-06-17T04:16:51.864Z
live-user-20260617-011113__frame-3,,,4,not_sticker,,train,live-user-20260617-011113,3,Dataset combinado; origem swe8-live-20260616-v1.,2026-06-17T04:16:52.741Z
live-user-20260617-011113__frame-16,,RSA19,8,confirmed,,test,live-user-20260617-011113,16,Dataset combinado; origem swe8-live-20260616-v1.,2026-06-17T04:16:57.064Z
live-user-20260617-011113__frame-17,,RSA19,8,confirmed,,train,live-user-20260617-011113,17,Dataset combinado; origem swe8-live-20260616-v1.,2026-06-17T04:16:57.942Z
live-user-20260617-011113__frame-25,,AUT4,8,confirmed,,train,live-user-20260617-011113,25,Dataset combinado; origem swe8-live-20260616-v1.,2026-06-17T04:16:58.749Z
live-user-20260617-011113__frame-27,,AUT4,8,confirmed,,train,live-user-20260617-011113,27,Dataset combinado; origem swe8-live-20260616-v1.,2026-06-17T04:16:59.550Z
live-user-20260617-011113__frame-31,,,4,not_sticker,,train,live-user-20260617-011113,31,Dataset combinado; origem swe8-live-20260616-v1.,2026-06-17T04:17:00.464Z
live-user-20260617-011113__frame-32,,EGY5,8,confirmed,,train,live-user-20260617-011113,32,Dataset combinado; origem swe8-live-20260616-v1.,2026-06-17T04:17:01.841Z
live-user-20260617-011113__frame-38,,RSA17,8,confirmed,,train,live-user-20260617-011113,38,Dataset combinado; origem swe8-live-20260616-v1.,2026-06-17T04:17:02.824Z
live-user-20260617-011113__frame-41,,PAN1,8,confirmed,,train,live-user-20260617-011113,41,Dataset combinado; origem swe8-live-20260616-v1.,2026-06-17T04:17:04.216Z
live-user-20260617-011113__frame-43,,,6,not_sticker,,train,live-user-20260617-011113,43,Dataset combinado; origem swe8-live-20260616-v1.,2026-06-17T04:17:05.144Z
live-user-20260617-011113__frame-48,,MEX15,6,confirmed,,train,live-user-20260617-011113,48,Dataset combinado; origem swe8-live-20260616-v1.,2026-06-17T04:17:06.574Z
live-user-20260617-011113__frame-49,,MEX15,8,confirmed,,train,live-user-20260617-011113,49,Dataset combinado; origem swe8-live-20260616-v1.,2026-06-17T04:17:08.240Z
live-user-20260617-011113__frame-54,,GHA19,8,confirmed,,train,live-user-20260617-011113,54,Dataset combinado; origem swe8-live-20260616-v1.,2026-06-17T04:17:09.734Z
live-user-20260617-011113__frame-55,,GHA19,8,confirmed,,train,live-user-20260617-011113,55,Dataset combinado; origem swe8-live-20260616-v1.,2026-06-17T04:17:10.745Z
live-user-20260617-011113__frame-59,,CIV12,8,confirmed,,train,live-user-20260617-011113,59,Dataset combinado; origem swe8-live-20260616-v1.,2026-06-17T04:17:11.922Z
live-user-20260617-011113__frame-60,,,6,not_sticker,,val,live-user-20260617-011113,60,Dataset combinado; origem swe8-live-20260616-v1.,2026-06-17T04:17:13.200Z
live-user-20260617-011113__frame-63,,RSA6,8,confirmed,,test,live-user-20260617-011113,63,Dataset combinado; origem swe8-live-20260616-v1.,2026-06-17T04:17:14.370Z
live-user-20260617-011113__frame-64,,RSA6,8,confirmed,,train,live-user-20260617-011113,64,Dataset combinado; origem swe8-live-20260616-v1.,2026-06-17T04:17:15.436Z
live-user-20260617-011113__frame-65,,RSA6,8,confirmed,,val,live-user-20260617-011113,65,Dataset combinado; origem swe8-live-20260616-v1.,2026-06-17T04:17:16.238Z
live-user-20260617-011113__frame-68,,RSA6,8,confirmed,,train,live-user-20260617-011113,68,Dataset combinado; origem swe8-live-20260616-v1.,2026-06-17T04:17:17.202Z
live-user-20260617-011113__frame-71,,AUT8,8,confirmed,,train,live-user-20260617-011113,71,Dataset combinado; origem swe8-live-20260616-v1.,2026-06-17T04:17:20.186Z
live-user-20260617-011113__frame-79,,AUS2,8,confirmed,,train,live-user-20260617-011113,79,Dataset combinado; origem swe8-live-20260616-v1.,2026-06-17T04:17:21.092Z
live-user-20260617-011113__frame-85,,,6,not_sticker,,test,live-user-20260617-011113,85,Dataset combinado; origem swe8-live-20260616-v1.,2026-06-17T04:17:21.847Z
live-user-20260617-011113__frame-87,,,8,not_sticker,,train,live-user-20260617-011113,87,Dataset combinado; origem swe8-live-20260616-v1.,2026-06-17T04:17:22.722Z
live-user-20260617-011113__frame-91,,NZL18,8,confirmed,,test,live-user-20260617-011113,91,Dataset combinado; origem swe8-live-20260616-v1.,2026-06-17T04:17:24.018Z
live-user-20260617-011113__frame-92,,NZL18,8,confirmed,,val,live-user-20260617-011113,92,Dataset combinado; origem swe8-live-20260616-v1.,2026-06-17T04:17:24.768Z
live-user-20260617-011113__frame-93,,NZL18,8,confirmed,,train,live-user-20260617-011113,93,Dataset combinado; origem swe8-live-20260616-v1.,2026-06-17T04:17:25.750Z
live-user-20260617-011113__frame-96,,CIV4,8,confirmed,,test,live-user-20260617-011113,96,Dataset combinado; origem swe8-live-20260616-v1.,2026-06-17T04:17:26.682Z
live-user-20260617-011113__frame-97,,CIV4,6,confirmed,,train,live-user-20260617-011113,97,Dataset combinado; origem swe8-live-20260616-v1.,2026-06-17T04:17:27.454Z
live-user-20260617-011113__frame-98,,CIV4,6,confirmed,,train,live-user-20260617-011113,98,Dataset combinado; origem swe8-live-20260616-v1.,2026-06-17T04:17:28.208Z
live-user-20260617-011113__frame-100,,CIV4,8,confirmed,,val,live-user-20260617-011113,100,Dataset combinado; origem swe8-live-20260616-v1.,2026-06-17T04:17:28.946Z
live-user-20260617-011113__frame-101,,,6,not_sticker,,train,live-user-20260617-011113,101,Dataset combinado; origem swe8-live-20260616-v1.,2026-06-17T04:17:30.244Z
live-user-20260617-011113__frame-104,,NOR20,8,confirmed,,train,live-user-20260617-011113,104,Dataset combinado; origem swe8-live-20260616-v1.,2026-06-17T04:17:31.724Z
live-user-20260617-011113__frame-105,,NOR20,8,confirmed,,train,live-user-20260617-011113,105,Dataset combinado; origem swe8-live-20260616-v1.,2026-06-17T04:17:32.543Z
live-user-20260617-011113__frame-108,,AUS18,8,confirmed,,train,live-user-20260617-011113,108,Dataset combinado; origem swe8-live-20260616-v1.,2026-06-17T04:17:33.730Z
live-user-20260617-011113__frame-109,,AUS18,8,confirmed,,train,live-user-20260617-011113,109,Dataset combinado; origem swe8-live-20260616-v1.,2026-06-17T04:17:34.818Z
live-user-20260617-011113__frame-110,,AUS18,8,confirmed,,train,live-user-20260617-011113,110,Dataset combinado; origem swe8-live-20260616-v1.,2026-06-17T04:17:35.689Z
live-user-20260617-011113__frame-111,,AUS18,8,confirmed,,val,live-user-20260617-011113,111,Dataset combinado; origem swe8-live-20260616-v1.,2026-06-17T04:17:36.552Z
live-user-20260617-011113__frame-112,,AUS18,8,confirmed,,train,live-user-20260617-011113,112,Dataset combinado; origem swe8-live-20260616-v1.,2026-06-17T04:17:37.422Z
live-user-20260617-011113__frame-113,,AUS18,8,confirmed,,train,live-user-20260617-011113,113,Dataset combinado; origem swe8-live-20260616-v1.,2026-06-17T04:17:38.158Z
live-user-20260617-011113__frame-114,,AUS18,8,confirmed,,train,live-user-20260617-011113,114,Dataset combinado; origem swe8-live-20260616-v1.,2026-06-17T04:17:39.012Z
live-user-20260617-011113__frame-115,,AUS18,8,confirmed,,test,live-user-20260617-011113,115,Dataset combinado; origem swe8-live-20260616-v1.,2026-06-17T04:17:39.948Z
live-user-20260617-011113__frame-128,,,4,not_sticker,,train,live-user-20260617-011113,128,Dataset combinado; origem swe8-live-20260616-v1.,2026-06-17T04:17:41.174Z
live-user-20260617-011113__frame-133,,,4,not_sticker,,train,live-user-20260617-011113,133,Dataset combinado; origem swe8-live-20260616-v1.,2026-06-17T04:17:42.132Z
pixel-live-20260617-090351__frame-26,,RSA13,8,confirmed,,test,pixel-live-20260617-090351,26,Dataset combinado; origem pixel-live-20260617-090351.,2026-06-17T12:30:21.577Z
pixel-live-20260617-090351__frame-28,,RSA13,8,confirmed,,train,pixel-live-20260617-090351,28,Dataset combinado; origem pixel-live-20260617-090351.,2026-06-17T12:30:22.215Z
pixel-live-20260617-090351__frame-29,,RSA13,8,confirmed,,train,pixel-live-20260617-090351,29,Dataset combinado; origem pixel-live-20260617-090351.,2026-06-17T12:30:22.603Z
pixel-live-20260617-090351__frame-30,,RSA13,8,confirmed,,train,pixel-live-20260617-090351,30,Dataset combinado; origem pixel-live-20260617-090351.,2026-06-17T12:30:22.809Z
pixel-live-20260617-090351__frame-31,,RSA13,8,confirmed,,train,pixel-live-20260617-090351,31,Dataset combinado; origem pixel-live-20260617-090351.,2026-06-17T12:30:23.103Z
pixel-live-20260617-090351__frame-33,,RSA13,8,confirmed,,val,pixel-live-20260617-090351,33,Dataset combinado; origem pixel-live-20260617-090351.,2026-06-17T12:30:23.361Z
pixel-live-20260617-090351__frame-35,,RSA13,8,confirmed,,train,pixel-live-20260617-090351,35,Dataset combinado; origem pixel-live-20260617-090351.,2026-06-17T12:30:23.713Z
pixel-live-20260617-090351__frame-72,,MEX15,8,confirmed,,train,pixel-live-20260617-090351,72,Dataset combinado; origem pixel-live-20260617-090351.,2026-06-17T12:30:25.604Z
pixel-live-20260617-090351__frame-75,,MEX15,8,confirmed,,train,pixel-live-20260617-090351,75,Dataset combinado; origem pixel-live-20260617-090351.,2026-06-17T12:30:26.070Z
pixel-live-20260617-090351__frame-76,,MEX15,8,confirmed,,train,pixel-live-20260617-090351,76,Dataset combinado; origem pixel-live-20260617-090351.,2026-06-17T12:30:26.409Z
pixel-live-20260617-090351__frame-77,,MEX15,8,confirmed,,test,pixel-live-20260617-090351,77,Dataset combinado; origem pixel-live-20260617-090351.,2026-06-17T12:30:26.630Z
pixel-live-20260617-090351__frame-78,,MEX15,8,confirmed,,train,pixel-live-20260617-090351,78,Dataset combinado; origem pixel-live-20260617-090351.,2026-06-17T12:30:26.889Z
pixel-live-20260617-090351__frame-84,,MEX15,8,confirmed,,train,pixel-live-20260617-090351,84,Dataset combinado; origem pixel-live-20260617-090351.,2026-06-17T12:30:28.564Z
pixel-live-20260617-090351__frame-85,,MEX15,8,confirmed,,train,pixel-live-20260617-090351,85,Dataset combinado; origem pixel-live-20260617-090351.,2026-06-17T12:30:29.017Z
pixel-live-20260617-090351__frame-86,,MEX15,8,confirmed,,train,pixel-live-20260617-090351,86,Dataset combinado; origem pixel-live-20260617-090351.,2026-06-17T12:30:42.510Z
pixel-live-20260617-090351__frame-88,,MEX15,8,confirmed,,val,pixel-live-20260617-090351,88,Dataset combinado; origem pixel-live-20260617-090351.,2026-06-17T12:29:24.407Z
pixel-live-20260617-090351__frame-97,,CIV12,8,confirmed,,train,pixel-live-20260617-090351,97,Dataset combinado; origem pixel-live-20260617-090351.,2026-06-17T12:29:24.879Z
pixel-live-20260617-090351__frame-102,,GHA19,8,confirmed,,train,pixel-live-20260617-090351,102,Dataset combinado; origem pixel-live-20260617-090351.,2026-06-17T12:29:25.293Z
pixel-live-20260617-090351__frame-106,,GHA19,8,confirmed,,train,pixel-live-20260617-090351,106,Dataset combinado; origem pixel-live-20260617-090351.,2026-06-17T12:29:25.613Z
pixel-live-20260617-090351__frame-117,,GER4,8,confirmed,,train,pixel-live-20260617-090351,117,Dataset combinado; origem pixel-live-20260617-090351.,2026-06-17T12:29:25.917Z
pixel-live-20260617-090351__frame-118,,GER4,8,confirmed,,test,pixel-live-20260617-090351,118,Dataset combinado; origem pixel-live-20260617-090351.,2026-06-17T12:29:26.204Z
pixel-live-20260617-090351__frame-119,,GER4,8,confirmed,,train,pixel-live-20260617-090351,119,Dataset combinado; origem pixel-live-20260617-090351.,2026-06-17T12:29:26.709Z
pixel-live-20260617-090351__frame-122,,PAN1,8,confirmed,,train,pixel-live-20260617-090351,122,Dataset combinado; origem pixel-live-20260617-090351.,2026-06-17T12:29:27.149Z
pixel-live-20260617-090351__frame-123,,PAN1,8,confirmed,,train,pixel-live-20260617-090351,123,Dataset combinado; origem pixel-live-20260617-090351.,2026-06-17T12:29:27.565Z
pixel-live-20260617-090351__frame-124,,PAN1,8,confirmed,,train,pixel-live-20260617-090351,124,Dataset combinado; origem pixel-live-20260617-090351.,2026-06-17T12:29:27.855Z
pixel-live-20260617-090351__frame-125,,PAN1,8,confirmed,,val,pixel-live-20260617-090351,125,Dataset combinado; origem pixel-live-20260617-090351.,2026-06-17T12:29:28.133Z
pixel-live-20260617-090351__frame-128,,RSA17,8,confirmed,,train,pixel-live-20260617-090351,128,Dataset combinado; origem pixel-live-20260617-090351.,2026-06-17T12:29:28.423Z
pixel-live-20260617-090351__frame-129,,RSA17,8,confirmed,,train,pixel-live-20260617-090351,129,Dataset combinado; origem pixel-live-20260617-090351.,2026-06-17T12:29:28.701Z
pixel-live-20260617-090351__frame-131,,RSA17,8,confirmed,,train,pixel-live-20260617-090351,131,Dataset combinado; origem pixel-live-20260617-090351.,2026-06-17T12:29:28.983Z
pixel-live-20260617-090351__frame-134,,NOR20,8,confirmed,,train,pixel-live-20260617-090351,134,Dataset combinado; origem pixel-live-20260617-090351.,2026-06-17T12:29:29.269Z
pixel-live-20260617-090351__frame-135,,NOR20,8,confirmed,,test,pixel-live-20260617-090351,135,Dataset combinado; origem pixel-live-20260617-090351.,2026-06-17T12:29:29.608Z
pixel-live-20260617-090351__frame-136,,NOR20,8,confirmed,,train,pixel-live-20260617-090351,136,Dataset combinado; origem pixel-live-20260617-090351.,2026-06-17T12:29:29.889Z
pixel-live-20260617-090351__frame-137,,NOR20,8,confirmed,,train,pixel-live-20260617-090351,137,Dataset combinado; origem pixel-live-20260617-090351.,2026-06-17T12:29:30.183Z
pixel-live-20260617-090351__frame-138,,NOR20,8,confirmed,,train,pixel-live-20260617-090351,138,Dataset combinado; origem pixel-live-20260617-090351.,2026-06-17T12:29:30.489Z
pixel-live-20260617-090351__frame-139,,NOR20,8,confirmed,,train,pixel-live-20260617-090351,139,Dataset combinado; origem pixel-live-20260617-090351.,2026-06-17T12:29:30.755Z
pixel-live-20260617-090351__frame-142,,CIV4,8,confirmed,,val,pixel-live-20260617-090351,142,Dataset combinado; origem pixel-live-20260617-090351.,2026-06-17T12:29:31.053Z
pixel-live-20260617-090351__frame-143,,CIV4,8,confirmed,,train,pixel-live-20260617-090351,143,Dataset combinado; origem pixel-live-20260617-090351.,2026-06-17T12:29:31.359Z
pixel-live-20260617-090351__frame-144,,CIV4,8,confirmed,,train,pixel-live-20260617-090351,144,Dataset combinado; origem pixel-live-20260617-090351.,2026-06-17T12:29:31.614Z
pixel-live-20260617-090351__frame-145,,CIV4,8,confirmed,,train,pixel-live-20260617-090351,145,Dataset combinado; origem pixel-live-20260617-090351.,2026-06-17T12:29:31.844Z
pixel-live-20260617-090351__frame-146,,CIV4,8,confirmed,,train,pixel-live-20260617-090351,146,Dataset combinado; origem pixel-live-20260617-090351.,2026-06-17T12:29:32.110Z
pixel-live-20260617-090351__frame-147,,NZL18,8,confirmed,,test,pixel-live-20260617-090351,147,Dataset combinado; origem pixel-live-20260617-090351.,2026-06-17T12:29:32.379Z
pixel-live-20260617-090351__frame-148,,NZL18,8,confirmed,,train,pixel-live-20260617-090351,148,Dataset combinado; origem pixel-live-20260617-090351.,2026-06-17T12:29:32.649Z
pixel-live-20260617-090351__frame-149,,NZL18,8,confirmed,,train,pixel-live-20260617-090351,149,Dataset combinado; origem pixel-live-20260617-090351.,2026-06-17T12:29:32.843Z
pixel-live-20260617-090351__frame-150,,NZL18,8,confirmed,,train,pixel-live-20260617-090351,150,Dataset combinado; origem pixel-live-20260617-090351.,2026-06-17T12:29:33.098Z
pixel-live-20260617-090351__frame-154,,AUS6,8,confirmed,,train,pixel-live-20260617-090351,154,Dataset combinado; origem pixel-live-20260617-090351.,2026-06-17T12:29:33.351Z
pixel-live-20260617-090351__frame-155,,AUS6,8,confirmed,,val,pixel-live-20260617-090351,155,Dataset combinado; origem pixel-live-20260617-090351.,2026-06-17T12:29:33.819Z
pixel-live-20260617-090351__frame-156,,AUS6,8,confirmed,,train,pixel-live-20260617-090351,156,Dataset combinado; origem pixel-live-20260617-090351.,2026-06-17T12:29:34.109Z
pixel-live-20260617-090351__frame-157,,AUS6,8,confirmed,,train,pixel-live-20260617-090351,157,Dataset combinado; origem pixel-live-20260617-090351.,2026-06-17T12:29:34.403Z
pixel-live-20260617-090351__frame-160,,AUS2,8,confirmed,,train,pixel-live-20260617-090351,160,Dataset combinado; origem pixel-live-20260617-090351.,2026-06-17T12:29:34.702Z
pixel-live-20260617-090351__frame-161,,AUS2,8,confirmed,,train,pixel-live-20260617-090351,161,Dataset combinado; origem pixel-live-20260617-090351.,2026-06-17T12:29:34.965Z
pixel-live-20260617-090351__frame-162,,AUS2,8,confirmed,,test,pixel-live-20260617-090351,162,Dataset combinado; origem pixel-live-20260617-090351.,2026-06-17T12:29:35.250Z
pixel-live-20260617-090351__frame-165,,AUT8,8,confirmed,,train,pixel-live-20260617-090351,165,Dataset combinado; origem pixel-live-20260617-090351.,2026-06-17T12:29:35.476Z
pixel-live-20260617-090351__frame-166,,AUT8,8,confirmed,,train,pixel-live-20260617-090351,166,Dataset combinado; origem pixel-live-20260617-090351.,2026-06-17T12:29:35.766Z
pixel-live-20260617-090351__frame-167,,AUT8,8,confirmed,,train,pixel-live-20260617-090351,167,Dataset combinado; origem pixel-live-20260617-090351.,2026-06-17T12:29:36.031Z
pixel-live-20260617-090351__frame-168,,AUT8,8,confirmed,,train,pixel-live-20260617-090351,168,Dataset combinado; origem pixel-live-20260617-090351.,2026-06-17T12:29:36.302Z
pixel-live-20260617-090351__frame-169,,AUT8,8,confirmed,,val,pixel-live-20260617-090351,169,Dataset combinado; origem pixel-live-20260617-090351.,2026-06-17T12:29:36.554Z
pixel-live-20260617-090351__frame-172,,RSA6,8,confirmed,,train,pixel-live-20260617-090351,172,Dataset combinado; origem pixel-live-20260617-090351.,2026-06-17T12:29:36.797Z
pixel-live-20260617-090351__frame-173,,RSA6,8,confirmed,,train,pixel-live-20260617-090351,173,Dataset combinado; origem pixel-live-20260617-090351.,2026-06-17T12:29:37.083Z
pixel-live-20260617-090351__frame-174,,RSA6,8,confirmed,,train,pixel-live-20260617-090351,174,Dataset combinado; origem pixel-live-20260617-090351.,2026-06-17T12:29:38.073Z
pixel-live-20260617-090351__frame-175,,RSA6,8,confirmed,,train,pixel-live-20260617-090351,175,Dataset combinado; origem pixel-live-20260617-090351.,2026-06-17T12:29:38.325Z
pixel-live-20260617-090351__frame-176,,RSA6,8,confirmed,,test,pixel-live-20260617-090351,176,Dataset combinado; origem pixel-live-20260617-090351.,2026-06-17T12:29:38.575Z
pixel-live-20260617-090351__frame-177,,RSA6,8,confirmed,,train,pixel-live-20260617-090351,177,Dataset combinado; origem pixel-live-20260617-090351.,2026-06-17T12:29:38.785Z
pixel-live-20260617-090351__frame-179,,EGY4,8,confirmed,,train,pixel-live-20260617-090351,179,Dataset combinado; origem pixel-live-20260617-090351.,2026-06-17T12:29:38.995Z
pixel-live-20260617-090351__frame-180,,EGY4,8,confirmed,,train,pixel-live-20260617-090351,180,Dataset combinado; origem pixel-live-20260617-090351.,2026-06-17T12:29:39.202Z
pixel-live-20260617-090351__frame-182,,EGY4,8,confirmed,,train,pixel-live-20260617-090351,182,Dataset combinado; origem pixel-live-20260617-090351.,2026-06-17T12:29:39.639Z
pixel-live-20260617-090351__frame-183,,EGY4,8,confirmed,,val,pixel-live-20260617-090351,183,Dataset combinado; origem pixel-live-20260617-090351.,2026-06-17T12:29:39.893Z
pixel-live-20260617-090351__frame-186,,NED12,8,confirmed,,train,pixel-live-20260617-090351,186,Dataset combinado; origem pixel-live-20260617-090351.,2026-06-17T12:29:40.271Z
pixel-live-20260617-090351__frame-187,,NED12,8,confirmed,,train,pixel-live-20260617-090351,187,Dataset combinado; origem pixel-live-20260617-090351.,2026-06-17T12:29:40.617Z
pixel-live-20260617-090351__frame-188,,,8,not_sticker,,train,pixel-live-20260617-090351,188,Dataset combinado; origem pixel-live-20260617-090351.,2026-06-17T12:29:44.601Z
pixel-live-20260617-090351__frame-189,,NED12,8,confirmed,,train,pixel-live-20260617-090351,189,Dataset combinado; origem pixel-live-20260617-090351.,2026-06-17T12:29:45.722Z
pixel-live-20260617-090351__frame-190,,NED12,8,confirmed,,test,pixel-live-20260617-090351,190,Dataset combinado; origem pixel-live-20260617-090351.,2026-06-17T12:29:46.185Z
pixel-live-20260617-090351__frame-193,,RSA19,8,confirmed,,train,pixel-live-20260617-090351,193,Dataset combinado; origem pixel-live-20260617-090351.,2026-06-17T12:29:46.517Z
pixel-live-20260617-090351__frame-194,,RSA19,8,confirmed,,train,pixel-live-20260617-090351,194,Dataset combinado; origem pixel-live-20260617-090351.,2026-06-17T12:29:46.866Z
pixel-live-20260617-090351__frame-198,,SWE8,8,confirmed,,train,pixel-live-20260617-090351,198,Dataset combinado; origem pixel-live-20260617-090351.,2026-06-17T12:29:47.150Z
pixel-live-20260617-090351__frame-199,,SWE8,8,confirmed,,train,pixel-live-20260617-090351,199,Dataset combinado; origem pixel-live-20260617-090351.,2026-06-17T12:29:47.453Z
pixel-live-20260617-090351__frame-201,,SCO16,8,confirmed,,val,pixel-live-20260617-090351,201,Dataset combinado; origem pixel-live-20260617-090351.,2026-06-17T12:29:47.755Z
pixel-live-20260617-090351__frame-202,,SCO16,8,confirmed,,train,pixel-live-20260617-090351,202,Dataset combinado; origem pixel-live-20260617-090351.,2026-06-17T12:29:48.060Z
pixel-live-20260617-090351__frame-203,,SCO16,8,confirmed,,train,pixel-live-20260617-090351,203,Dataset combinado; origem pixel-live-20260617-090351.,2026-06-17T12:29:48.354Z
pixel-live-20260617-090351__frame-204,,SCO16,8,confirmed,,train,pixel-live-20260617-090351,204,Dataset combinado; origem pixel-live-20260617-090351.,2026-06-17T12:29:48.661Z
pixel-live-20260617-090351__frame-205,,SCO16,8,confirmed,,train,pixel-live-20260617-090351,205,Dataset combinado; origem pixel-live-20260617-090351.,2026-06-17T12:29:48.953Z
pixel-live-20260617-090351__frame-206,,SCO16,8,confirmed,,test,pixel-live-20260617-090351,206,Dataset combinado; origem pixel-live-20260617-090351.,2026-06-17T12:29:49.251Z
pixel-live-20260617-090351__frame-208,,SUI14,8,confirmed,,train,pixel-live-20260617-090351,208,Dataset combinado; origem pixel-live-20260617-090351.,2026-06-17T12:29:49.521Z
pixel-live-20260617-090351__frame-209,,SUI14,8,confirmed,,train,pixel-live-20260617-090351,209,Dataset combinado; origem pixel-live-20260617-090351.,2026-06-17T12:29:49.823Z
pixel-live-20260617-090351__frame-213,,AUT4,8,confirmed,,train,pixel-live-20260617-090351,213,Dataset combinado; origem pixel-live-20260617-090351.,2026-06-17T12:29:50.085Z
pixel-live-20260617-090351__frame-214,,AUT4,8,confirmed,,train,pixel-live-20260617-090351,214,Dataset combinado; origem pixel-live-20260617-090351.,2026-06-17T12:29:50.347Z
pixel-live-20260617-090351__frame-215,,AUT4,8,confirmed,,val,pixel-live-20260617-090351,215,Dataset combinado; origem pixel-live-20260617-090351.,2026-06-17T12:29:50.606Z
pixel-live-20260617-090351__frame-216,,AUT4,8,confirmed,,train,pixel-live-20260617-090351,216,Dataset combinado; origem pixel-live-20260617-090351.,2026-06-17T12:29:50.877Z
pixel-live-20260617-090351__frame-217,,AUT4,8,confirmed,,train,pixel-live-20260617-090351,217,Dataset combinado; origem pixel-live-20260617-090351.,2026-06-17T12:29:51.140Z
pixel-live-20260617-090351__frame-221,,EGY5,8,confirmed,,train,pixel-live-20260617-090351,221,Dataset combinado; origem pixel-live-20260617-090351.,2026-06-17T12:29:51.406Z
pixel-live-20260617-090351__frame-222,,EGY5,8,confirmed,,train,pixel-live-20260617-090351,222,Dataset combinado; origem pixel-live-20260617-090351.,2026-06-17T12:29:51.663Z
pixel-live-20260617-090351__frame-223,,EGY5,8,confirmed,,test,pixel-live-20260617-090351,223,Dataset combinado; origem pixel-live-20260617-090351.,2026-06-17T12:29:51.938Z
pixel-live-20260617-090351__frame-224,,EGY5,8,confirmed,,train,pixel-live-20260617-090351,224,Dataset combinado; origem pixel-live-20260617-090351.,2026-06-17T12:29:52.228Z
pixel-live-20260617-090351__frame-226,,TUN10,8,confirmed,,train,pixel-live-20260617-090351,226,Dataset combinado; origem pixel-live-20260617-090351.,2026-06-17T12:29:52.433Z
pixel-live-20260617-090351__frame-227,,TUN10,8,confirmed,,train,pixel-live-20260617-090351,227,Dataset combinado; origem pixel-live-20260617-090351.,2026-06-17T12:29:52.723Z
pixel-live-20260617-090351__frame-228,,TUN10,8,confirmed,,train,pixel-live-20260617-090351,228,Dataset combinado; origem pixel-live-20260617-090351.,2026-06-17T12:29:52.983Z
pixel-live-20260617-090351__frame-230,,TUN10,8,confirmed,,val,pixel-live-20260617-090351,230,Dataset combinado; origem pixel-live-20260617-090351.,2026-06-17T12:29:53.224Z
pixel-live-20260617-090351__frame-231,,TUN10,8,confirmed,,train,pixel-live-20260617-090351,231,Dataset combinado; origem pixel-live-20260617-090351.,2026-06-17T12:29:53.490Z
pixel-live-20260617-090351__frame-232,,TUN10,8,confirmed,,train,pixel-live-20260617-090351,232,Dataset combinado; origem pixel-live-20260617-090351.,2026-06-17T12:29:53.811Z
pixel-live-20260617-090351__frame-233,,TUN10,8,confirmed,,train,pixel-live-20260617-090351,233,Dataset combinado; origem pixel-live-20260617-090351.,2026-06-17T12:29:54.385Z
pixel-live-20260617-090351__frame-234,,TUN10,8,confirmed,,train,pixel-live-20260617-090351,234,Dataset combinado; origem pixel-live-20260617-090351.,2026-06-17T12:29:54.631Z
pixel-live-20260617-090351__frame-235,,TUN10,8,confirmed,,test,pixel-live-20260617-090351,235,Dataset combinado; origem pixel-live-20260617-090351.,2026-06-17T12:29:55.028Z
pixel-live-20260617-090351__frame-236,,TUN10,8,confirmed,,train,pixel-live-20260617-090351,236,Dataset combinado; origem pixel-live-20260617-090351.,2026-06-17T12:29:55.369Z
pixel-live-20260617-090351__frame-237,,TUN10,8,confirmed,,train,pixel-live-20260617-090351,237,Dataset combinado; origem pixel-live-20260617-090351.,2026-06-17T12:29:55.707Z
pixel-live-20260617-090351__frame-238,,TUN10,8,confirmed,,train,pixel-live-20260617-090351,238,Dataset combinado; origem pixel-live-20260617-090351.,2026-06-17T12:29:56.029Z
pixel-live-20260617-090351__frame-240,,MEX15,8,confirmed,,train,pixel-live-20260617-090351,240,Dataset combinado; origem pixel-live-20260617-090351.,2026-06-17T12:29:56.340Z
pixel-live-20260617-090351__frame-242,,MEX15,8,confirmed,,val,pixel-live-20260617-090351,242,Dataset combinado; origem pixel-live-20260617-090351.,2026-06-17T12:29:56.670Z
pixel-live-20260617-090351__frame-243,,MEX15,8,confirmed,,train,pixel-live-20260617-090351,243,Dataset combinado; origem pixel-live-20260617-090351.,2026-06-17T12:29:57.004Z
pixel-live-20260617-090351__frame-244,,MEX15,8,confirmed,,train,pixel-live-20260617-090351,244,Dataset combinado; origem pixel-live-20260617-090351.,2026-06-17T12:29:57.301Z
pixel-live-20260617-090351__frame-245,,MEX15,8,confirmed,,train,pixel-live-20260617-090351,245,Dataset combinado; origem pixel-live-20260617-090351.,2026-06-17T12:29:57.937Z
pixel-live-20260617-090351__frame-246,,MEX15,8,confirmed,,train,pixel-live-20260617-090351,246,Dataset combinado; origem pixel-live-20260617-090351.,2026-06-17T12:29:58.175Z
pixel-live-20260617-090351__frame-247,,MEX15,8,confirmed,,test,pixel-live-20260617-090351,247,Dataset combinado; origem pixel-live-20260617-090351.,2026-06-17T12:29:58.395Z
pixel-live-20260617-090351__frame-250,,MEX19,8,confirmed,,train,pixel-live-20260617-090351,250,Dataset combinado; origem pixel-live-20260617-090351.,2026-06-17T12:29:58.657Z
pixel-live-20260617-090351__frame-251,,MEX19,8,confirmed,,train,pixel-live-20260617-090351,251,Dataset combinado; origem pixel-live-20260617-090351.,2026-06-17T12:29:58.892Z
pixel-live-20260617-090351__frame-252,,MEX19,8,confirmed,,train,pixel-live-20260617-090351,252,Dataset combinado; origem pixel-live-20260617-090351.,2026-06-17T12:29:59.106Z
pixel-live-20260617-090351__frame-253,,MEX19,8,confirmed,,train,pixel-live-20260617-090351,253,Dataset combinado; origem pixel-live-20260617-090351.,2026-06-17T12:29:59.339Z
pixel-live-20260617-090351__frame-254,,MEX19,8,confirmed,,val,pixel-live-20260617-090351,254,Dataset combinado; origem pixel-live-20260617-090351.,2026-06-17T12:29:59.633Z
pixel-live-20260617-090351__frame-255,,MEX19,8,confirmed,,train,pixel-live-20260617-090351,255,Dataset combinado; origem pixel-live-20260617-090351.,2026-06-17T12:29:59.907Z
pixel-live-20260617-090351__frame-258,,ALG1,8,confirmed,,train,pixel-live-20260617-090351,258,Dataset combinado; origem pixel-live-20260617-090351.,2026-06-17T12:30:00.186Z
pixel-live-20260617-090351__frame-259,,ALG1,8,confirmed,,train,pixel-live-20260617-090351,259,Dataset combinado; origem pixel-live-20260617-090351.,2026-06-17T12:30:00.435Z
pixel-live-20260617-090351__frame-262,,QAT17,8,confirmed,,train,pixel-live-20260617-090351,262,Dataset combinado; origem pixel-live-20260617-090351.,2026-06-17T12:30:00.625Z
pixel-live-20260617-090351__frame-263,,QAT17,8,confirmed,,test,pixel-live-20260617-090351,263,Dataset combinado; origem pixel-live-20260617-090351.,2026-06-17T12:30:01.030Z
pixel-live-20260617-090351__frame-264,,QAT17,8,confirmed,,train,pixel-live-20260617-090351,264,Dataset combinado; origem pixel-live-20260617-090351.,2026-06-17T12:30:01.255Z
pixel-live-20260617-090351__frame-265,,QAT17,8,confirmed,,train,pixel-live-20260617-090351,265,Dataset combinado; origem pixel-live-20260617-090351.,2026-06-17T12:30:01.505Z
pixel-live-20260617-090351__frame-266,,QAT17,8,confirmed,,train,pixel-live-20260617-090351,266,Dataset combinado; origem pixel-live-20260617-090351.,2026-06-17T12:30:01.799Z
pixel-live-20260617-090351__frame-267,,QAT17,8,confirmed,,train,pixel-live-20260617-090351,267,Dataset combinado; origem pixel-live-20260617-090351.,2026-06-17T12:30:01.979Z
pixel-live-20260617-090351__frame-270,,QAT17,8,confirmed,,val,pixel-live-20260617-090351,270,Dataset combinado; origem pixel-live-20260617-090351.,2026-06-17T12:30:02.225Z
pixel-live-20260617-090351__frame-271,,QAT17,8,confirmed,,train,pixel-live-20260617-090351,271,Dataset combinado; origem pixel-live-20260617-090351.,2026-06-17T12:30:02.611Z
pixel-live-20260617-090351__frame-272,,QAT17,8,confirmed,,train,pixel-live-20260617-090351,272,Dataset combinado; origem pixel-live-20260617-090351.,2026-06-17T12:30:02.851Z
pixel-live-20260617-090351__frame-274,,QAT17,8,confirmed,,train,pixel-live-20260617-090351,274,Dataset combinado; origem pixel-live-20260617-090351.,2026-06-17T12:30:03.115Z
pixel-live-20260617-090351__frame-275,,QAT17,8,confirmed,,train,pixel-live-20260617-090351,275,Dataset combinado; origem pixel-live-20260617-090351.,2026-06-17T12:30:03.351Z
pixel-live-20260617-090351__frame-276,,QAT17,8,confirmed,,test,pixel-live-20260617-090351,276,Dataset combinado; origem pixel-live-20260617-090351.,2026-06-17T12:30:03.565Z
pixel-live-20260617-090351__frame-279,,IRN10,8,confirmed,,train,pixel-live-20260617-090351,279,Dataset combinado; origem pixel-live-20260617-090351.,2026-06-17T12:30:03.771Z
pixel-live-20260617-090351__frame-280,,IRN10,8,confirmed,,train,pixel-live-20260617-090351,280,Dataset combinado; origem pixel-live-20260617-090351.,2026-06-17T12:30:03.997Z
pixel-live-20260617-090351__frame-281,,IRN10,8,confirmed,,train,pixel-live-20260617-090351,281,Dataset combinado; origem pixel-live-20260617-090351.,2026-06-17T12:30:04.213Z
pixel-live-20260617-090351__frame-282,,IRN10,8,confirmed,,train,pixel-live-20260617-090351,282,Dataset combinado; origem pixel-live-20260617-090351.,2026-06-17T12:30:04.415Z
pixel-live-20260617-090351__frame-283,,IRN10,8,confirmed,,val,pixel-live-20260617-090351,283,Dataset combinado; origem pixel-live-20260617-090351.,2026-06-17T12:30:04.641Z
pixel-live-20260617-090351__frame-286,,IRN15,8,confirmed,,train,pixel-live-20260617-090351,286,Dataset combinado; origem pixel-live-20260617-090351.,2026-06-17T12:30:04.855Z
pixel-live-20260617-090351__frame-287,,IRN15,8,confirmed,,train,pixel-live-20260617-090351,287,Dataset combinado; origem pixel-live-20260617-090351.,2026-06-17T12:30:05.109Z
pixel-live-20260617-090351__frame-288,,IRN15,8,confirmed,,train,pixel-live-20260617-090351,288,Dataset combinado; origem pixel-live-20260617-090351.,2026-06-17T12:30:05.327Z
pixel-live-20260617-090351__frame-289,,IRN15,8,confirmed,,train,pixel-live-20260617-090351,289,Dataset combinado; origem pixel-live-20260617-090351.,2026-06-17T12:30:05.547Z
pixel-live-20260617-090351__frame-290,,IRN15,8,confirmed,,test,pixel-live-20260617-090351,290,Dataset combinado; origem pixel-live-20260617-090351.,2026-06-17T12:30:05.769Z
pixel-live-20260617-090351__frame-291,,IRN15,8,confirmed,,train,pixel-live-20260617-090351,291,Dataset combinado; origem pixel-live-20260617-090351.,2026-06-17T12:30:05.971Z
pixel-live-20260617-090351__frame-293,,IRN15,8,confirmed,,train,pixel-live-20260617-090351,293,Dataset combinado; origem pixel-live-20260617-090351.,2026-06-17T12:30:06.181Z
pixel-live-20260617-090351__frame-296,,BIH12,8,confirmed,,train,pixel-live-20260617-090351,296,Dataset combinado; origem pixel-live-20260617-090351.,2026-06-17T12:30:06.389Z
pixel-live-20260617-090351__frame-297,,BIH12,8,confirmed,,train,pixel-live-20260617-090351,297,Dataset combinado; origem pixel-live-20260617-090351.,2026-06-17T12:30:06.619Z
pixel-live-20260617-090351__frame-298,,BIH12,8,confirmed,,val,pixel-live-20260617-090351,298,Dataset combinado; origem pixel-live-20260617-090351.,2026-06-17T12:30:06.833Z
pixel-live-20260617-090351__frame-299,,BIH12,8,confirmed,,train,pixel-live-20260617-090351,299,Dataset combinado; origem pixel-live-20260617-090351.,2026-06-17T12:30:07.047Z
pixel-live-20260617-090351__frame-301,,BIH12,8,confirmed,,train,pixel-live-20260617-090351,301,Dataset combinado; origem pixel-live-20260617-090351.,2026-06-17T12:30:07.247Z
pixel-live-20260617-090351__frame-302,,BIH12,8,confirmed,,train,pixel-live-20260617-090351,302,Dataset combinado; origem pixel-live-20260617-090351.,2026-06-17T12:30:07.418Z
pixel-live-20260617-090351__frame-303,,BIH12,8,confirmed,,train,pixel-live-20260617-090351,303,Dataset combinado; origem pixel-live-20260617-090351.,2026-06-17T12:30:07.652Z
pixel-live-20260617-090351__frame-304,,BIH12,8,confirmed,,test,pixel-live-20260617-090351,304,Dataset combinado; origem pixel-live-20260617-090351.,2026-06-17T12:30:07.865Z
pixel-live-20260617-090351__frame-307,,CUW4,8,confirmed,,train,pixel-live-20260617-090351,307,Dataset combinado; origem pixel-live-20260617-090351.,2026-06-17T12:30:08.091Z
pixel-live-20260617-090351__frame-308,,CUW4,8,confirmed,,train,pixel-live-20260617-090351,308,Dataset combinado; origem pixel-live-20260617-090351.,2026-06-17T12:30:08.377Z
pixel-live-20260617-090351__frame-309,,CUW4,8,confirmed,,train,pixel-live-20260617-090351,309,Dataset combinado; origem pixel-live-20260617-090351.,2026-06-17T12:30:12.135Z
pixel-live-20260617-090351__frame-310,,CUW4,8,confirmed,,train,pixel-live-20260617-090351,310,Dataset combinado; origem pixel-live-20260617-090351.,2026-06-17T12:30:14.953Z
pixel-live-20260617-090351__frame-311,,CUW4,8,confirmed,,val,pixel-live-20260617-090351,311,Dataset combinado; origem pixel-live-20260617-090351.,2026-06-17T12:30:15.487Z
pixel-live-20260617-090351__frame-312,,CUW4,8,confirmed,,train,pixel-live-20260617-090351,312,Dataset combinado; origem pixel-live-20260617-090351.,2026-06-17T12:30:15.853Z
pixel-live-20260617-090351__frame-313,,CUW4,8,confirmed,,train,pixel-live-20260617-090351,313,Dataset combinado; origem pixel-live-20260617-090351.,2026-06-17T12:30:16.039Z
pixel-live-20260617-090351__frame-314,,CUW4,8,confirmed,,train,pixel-live-20260617-090351,314,Dataset combinado; origem pixel-live-20260617-090351.,2026-06-17T12:30:16.333Z
pixel-live-20260617-090351__frame-316,,POR10,8,confirmed,,train,pixel-live-20260617-090351,316,Dataset combinado; origem pixel-live-20260617-090351.,2026-06-17T12:30:17.065Z
pixel-live-20260617-090351__frame-317,,POR10,8,confirmed,,test,pixel-live-20260617-090351,317,Dataset combinado; origem pixel-live-20260617-090351.,2026-06-17T12:30:18.387Z
pixel-live-20260617-090351__frame-318,,POR10,8,confirmed,,train,pixel-live-20260617-090351,318,Dataset combinado; origem pixel-live-20260617-090351.,2026-06-17T12:30:18.697Z
pixel-live-20260617-090351__frame-319,,POR10,8,confirmed,,train,pixel-live-20260617-090351,319,Dataset combinado; origem pixel-live-20260617-090351.,2026-06-17T12:30:19.039Z
pixel-live-20260617-090351__frame-320,,POR10,8,confirmed,,train,pixel-live-20260617-090351,320,Dataset combinado; origem pixel-live-20260617-090351.,2026-06-17T12:30:19.301Z
pixel-live-20260617-090351__frame-321,,POR10,8,confirmed,,train,pixel-live-20260617-090351,321,Dataset combinado; origem pixel-live-20260617-090351.,2026-06-17T12:30:19.607Z
pixel-live-20260617-090351__frame-322,,IRQ20,8,confirmed,,val,pixel-live-20260617-090351,322,Dataset combinado; origem pixel-live-20260617-090351.,2026-06-17T12:30:19.829Z
pixel-live-20260617-090351__frame-323,,IRQ20,8,confirmed,,train,pixel-live-20260617-090351,323,Dataset combinado; origem pixel-live-20260617-090351.,2026-06-17T12:30:20.083Z
pixel-live-20260617-090351__frame-325,,IRQ20,8,confirmed,,train,pixel-live-20260617-090351,325,Dataset combinado; origem pixel-live-20260617-090351.,2026-06-17T12:30:20.351Z
pixel-live-20260617-090351__frame-327,,IRQ20,8,confirmed,,train,pixel-live-20260617-090351,327,Dataset combinado; origem pixel-live-20260617-090351.,2026-06-17T12:30:20.597Z
pixel-live-20260617-090351__frame-328,,IRQ20,8,confirmed,,train,pixel-live-20260617-090351,328,Dataset combinado; origem pixel-live-20260617-090351.,2026-06-17T12:30:20.845Z
pixel-live-20260617-090351__frame-329,,IRQ20,8,confirmed,,test,pixel-live-20260617-090351,329,Dataset combinado; origem pixel-live-20260617-090351.,2026-06-17T12:30:21.068Z
pixel-live-20260617-090351__frame-330,,IRQ20,8,confirmed,,train,pixel-live-20260617-090351,330,Dataset combinado; origem pixel-live-20260617-090351.,2026-06-17T12:30:21.303Z
